{"cameraMode":{"drawMode":0,"name":"Shaded","section":"Shading Mode"},"sceneLighting":true,"audioPlay":false,"sceneViewState":{"m_AlwaysRefresh":false,"showFog":true,"showSkybox":true,"showFlares":true,"showImageEffects":true,"showParticleSystems":true,"showVisualEffectGraphs":true,"m_FxEnabled":true},"in2DMode":false,"pivot":{"x":21.30280113220215,"y":6.851017475128174,"z":-22.046525955200197},"rotation":{"x":0.13578590750694276,"y":-0.01963263936340809,"z":0.0026494525372982027,"w":0.9906926155090332},"size":0.8660253882408142,"orthographic":false}